task_id,Unnamed: 0,parents,job_id,instances_num,task_type,status,start_time,end_time,cpu,memory,duration,submit_time,disk,EST,EFT,MET,LFT,AST,VmId,ru,children,initial_EST,initial_EFT,initial_MET,initial_LFT,rankScore
ID00000_0,0,"['ID00006', 'ID00017', 'ID00027', 'ID00004', 'ID00015', 'ID00025', 'ID00008', 'ID00019', 'ID00029', 'ID00012', 'ID00023', 'ID00010', 'ID00021']",ID00000,1,CyberShake,Terminated,0,100000000000,1,323,1,0,0,32,37,5,41.0,1000.0,8,7.0,[],21,28,7,1000.0,67
ID00000_1,1,"['ID00006', 'ID00017', 'ID00027', 'ID00004', 'ID00015', 'ID00025', 'ID00008', 'ID00019', 'ID00029', 'ID00012', 'ID00023', 'ID00010', 'ID00021']",ID00000,1,CyberShake,Terminated,0,100000000000,1,362,1,0,0,26,36,10,41.0,1000.0,5,8.0,[],21,29,8,1000.0,61
ID00000_2,2,"['ID00006', 'ID00017', 'ID00027', 'ID00004', 'ID00015', 'ID00025', 'ID00008', 'ID00019', 'ID00029', 'ID00012', 'ID00023', 'ID00010', 'ID00021']",ID00000,1,CyberShake,Terminated,0,100000000000,1,207,1,0,0,36,39,3,41.0,1000.0,9,5.0,[],21,26,5,1000.0,73
ID00000_3,3,"['ID00006', 'ID00017', 'ID00027', 'ID00004', 'ID00015', 'ID00025', 'ID00008', 'ID00019', 'ID00029', 'ID00012', 'ID00023', 'ID00010', 'ID00021']",ID00000,1,CyberShake,Terminated,0,100000000000,1,18,1,0,0,38,39,1,41.0,1000.0,1,1.0,[],21,22,1,1000.0,82
ID00000_4,4,"['ID00006', 'ID00017', 'ID00027', 'ID00004', 'ID00015', 'ID00025', 'ID00008', 'ID00019', 'ID00029', 'ID00012', 'ID00023', 'ID00010', 'ID00021']",ID00000,1,CyberShake,Terminated,0,100000000000,1,114,1,0,0,35,38,3,41.0,1000.0,4,3.0,[],21,24,3,1000.0,71
ID00000_5,5,"['ID00006', 'ID00017', 'ID00027', 'ID00004', 'ID00015', 'ID00025', 'ID00008', 'ID00019', 'ID00029', 'ID00012', 'ID00023', 'ID00010', 'ID00021']",ID00000,1,CyberShake,Terminated,0,100000000000,1,411,1,0,0,30,36,6,41.0,1000.0,10,9.0,[],21,30,9,1000.0,65
ID00000_6,6,"['ID00006', 'ID00017', 'ID00027', 'ID00004', 'ID00015', 'ID00025', 'ID00008', 'ID00019', 'ID00029', 'ID00012', 'ID00023', 'ID00010', 'ID00021']",ID00000,1,CyberShake,Terminated,0,100000000000,1,472,1,0,0,26,32,6,41.0,1000.0,8,11.0,[],21,32,11,1000.0,60
ID00000_7,7,"['ID00006', 'ID00017', 'ID00027', 'ID00004', 'ID00015', 'ID00025', 'ID00008', 'ID00019', 'ID00029', 'ID00012', 'ID00023', 'ID00010', 'ID00021']",ID00000,1,CyberShake,Terminated,0,100000000000,1,62,1,0,0,39,40,1,41.0,1000.0,8,2.0,[],21,23,2,1000.0,85
ID00000_8,8,"['ID00006', 'ID00017', 'ID00027', 'ID00004', 'ID00015', 'ID00025', 'ID00008', 'ID00019', 'ID00029', 'ID00012', 'ID00023', 'ID00010', 'ID00021']",ID00000,1,CyberShake,Terminated,0,100000000000,1,291,1,0,0,31,35,4,41.0,1000.0,11,7.0,[],21,28,7,1000.0,66
ID00000_9,9,"['ID00006', 'ID00017', 'ID00027', 'ID00004', 'ID00015', 'ID00025', 'ID00008', 'ID00019', 'ID00029', 'ID00012', 'ID00023', 'ID00010', 'ID00021']",ID00000,1,CyberShake,Terminated,0,100000000000,1,356,1,0,0,26,35,9,41.0,1000.0,6,8.0,[],21,29,8,1000.0,62
ID00000_10,10,"['ID00006', 'ID00017', 'ID00027', 'ID00004', 'ID00015', 'ID00025', 'ID00008', 'ID00019', 'ID00029', 'ID00012', 'ID00023', 'ID00010', 'ID00021']",ID00000,1,CyberShake,Terminated,0,100000000000,1,43,1,0,0,39,40,1,41.0,1000.0,9,1.0,[],21,22,1,1000.0,86
ID00000_11,11,"['ID00006', 'ID00017', 'ID00027', 'ID00004', 'ID00015', 'ID00025', 'ID00008', 'ID00019', 'ID00029', 'ID00012', 'ID00023', 'ID00010', 'ID00021']",ID00000,1,CyberShake,Terminated,0,100000000000,1,75,1,0,0,38,39,1,41.0,1000.0,11,2.0,[],21,23,2,1000.0,79
ID00000_12,12,"['ID00006', 'ID00017', 'ID00027', 'ID00004', 'ID00015', 'ID00025', 'ID00008', 'ID00019', 'ID00029', 'ID00012', 'ID00023', 'ID00010', 'ID00021']",ID00000,1,CyberShake,Terminated,0,100000000000,1,331,1,0,0,26,35,9,41.0,1000.0,4,8.0,[],21,29,8,1000.0,63
ID00000_13,13,"['ID00006', 'ID00017', 'ID00027', 'ID00004', 'ID00015', 'ID00025', 'ID00008', 'ID00019', 'ID00029', 'ID00012', 'ID00023', 'ID00010', 'ID00021']",ID00000,1,CyberShake,Terminated,0,100000000000,1,6,1,0,0,38,39,1,41.0,1000.0,0,1.0,[],21,22,1,1000.0,83
ID00001_0,14,"['ID00028', 'ID00005', 'ID00016', 'ID00026', 'ID00003', 'ID00014', 'ID00009', 'ID00007', 'ID00018', 'ID00020', 'ID00024', 'ID00011', 'ID00022']",ID00001,1,CyberShake,Terminated,0,100000000000,1,247,1,0,0,32,36,4,41.0,1000.0,9,6.0,[],11,17,6,1000.0,68
ID00001_1,15,"['ID00028', 'ID00005', 'ID00016', 'ID00026', 'ID00003', 'ID00014', 'ID00009', 'ID00007', 'ID00018', 'ID00020', 'ID00024', 'ID00011', 'ID00022']",ID00001,1,CyberShake,Terminated,0,100000000000,1,97,1,0,0,36,39,3,41.0,1000.0,5,3.0,[],11,14,3,1000.0,74
ID00001_2,16,"['ID00028', 'ID00005', 'ID00016', 'ID00026', 'ID00003', 'ID00014', 'ID00009', 'ID00007', 'ID00018', 'ID00020', 'ID00024', 'ID00011', 'ID00022']",ID00001,1,CyberShake,Terminated,0,100000000000,1,266,1,0,0,24,38,14,41.0,1000.0,0,6.0,[],11,17,6,1000.0,53
ID00001_3,17,"['ID00028', 'ID00005', 'ID00016', 'ID00026', 'ID00003', 'ID00014', 'ID00009', 'ID00007', 'ID00018', 'ID00020', 'ID00024', 'ID00011', 'ID00022']",ID00001,1,CyberShake,Terminated,0,100000000000,1,270,1,0,0,24,38,14,41.0,1000.0,3,6.0,[],11,17,6,1000.0,54
ID00001_4,18,"['ID00028', 'ID00005', 'ID00016', 'ID00026', 'ID00003', 'ID00014', 'ID00009', 'ID00007', 'ID00018', 'ID00020', 'ID00024', 'ID00011', 'ID00022']",ID00001,1,CyberShake,Terminated,0,100000000000,1,132,1,0,0,38,40,2,41.0,1000.0,10,3.0,[],11,14,3,1000.0,78
ID00001_5,19,"['ID00028', 'ID00005', 'ID00016', 'ID00026', 'ID00003', 'ID00014', 'ID00009', 'ID00007', 'ID00018', 'ID00020', 'ID00024', 'ID00011', 'ID00022']",ID00001,1,CyberShake,Terminated,0,100000000000,1,246,1,0,0,24,37,13,41.0,1000.0,2,6.0,[],11,17,6,1000.0,55
ID00001_6,20,"['ID00028', 'ID00005', 'ID00016', 'ID00026', 'ID00003', 'ID00014', 'ID00009', 'ID00007', 'ID00018', 'ID00020', 'ID00024', 'ID00011', 'ID00022']",ID00001,1,CyberShake,Terminated,0,100000000000,1,481,1,0,0,25,32,7,41.0,1000.0,9,11.0,[],11,22,11,1000.0,56
ID00001_7,21,"['ID00028', 'ID00005', 'ID00016', 'ID00026', 'ID00003', 'ID00014', 'ID00009', 'ID00007', 'ID00018', 'ID00020', 'ID00024', 'ID00011', 'ID00022']",ID00001,1,CyberShake,Terminated,0,100000000000,1,114,1,0,0,37,39,2,41.0,1000.0,8,3.0,[],11,14,3,1000.0,76
ID00001_8,22,"['ID00028', 'ID00005', 'ID00016', 'ID00026', 'ID00003', 'ID00014', 'ID00009', 'ID00007', 'ID00018', 'ID00020', 'ID00024', 'ID00011', 'ID00022']",ID00001,1,CyberShake,Terminated,0,100000000000,1,185,1,0,0,34,39,5,41.0,1000.0,7,4.0,[],11,15,4,1000.0,69
ID00001_9,23,"['ID00028', 'ID00005', 'ID00016', 'ID00026', 'ID00003', 'ID00014', 'ID00009', 'ID00007', 'ID00018', 'ID00020', 'ID00024', 'ID00011', 'ID00022']",ID00001,1,CyberShake,Terminated,0,100000000000,1,139,1,0,0,36,38,2,41.0,1000.0,10,3.0,[],11,14,3,1000.0,75
ID00001_10,24,"['ID00028', 'ID00005', 'ID00016', 'ID00026', 'ID00003', 'ID00014', 'ID00009', 'ID00007', 'ID00018', 'ID00020', 'ID00024', 'ID00011', 'ID00022']",ID00001,1,CyberShake,Terminated,0,100000000000,1,90,1,0,0,38,41,3,41.0,1000.0,6,2.0,[],11,13,2,1000.0,80
ID00001_11,25,"['ID00028', 'ID00005', 'ID00016', 'ID00026', 'ID00003', 'ID00014', 'ID00009', 'ID00007', 'ID00018', 'ID00020', 'ID00024', 'ID00011', 'ID00022']",ID00001,1,CyberShake,Terminated,0,100000000000,1,77,1,0,0,38,40,2,41.0,1000.0,4,2.0,[],11,13,2,1000.0,81
ID00001_12,26,"['ID00028', 'ID00005', 'ID00016', 'ID00026', 'ID00003', 'ID00014', 'ID00009', 'ID00007', 'ID00018', 'ID00020', 'ID00024', 'ID00011', 'ID00022']",ID00001,1,CyberShake,Terminated,0,100000000000,1,95,1,0,0,35,38,3,41.0,1000.0,6,3.0,[],11,14,3,1000.0,72
ID00001_13,27,"['ID00028', 'ID00005', 'ID00016', 'ID00026', 'ID00003', 'ID00014', 'ID00009', 'ID00007', 'ID00018', 'ID00020', 'ID00024', 'ID00011', 'ID00022']",ID00001,1,CyberShake,Terminated,0,100000000000,1,11,1,0,0,38,39,1,41.0,1000.0,3,1.0,[],11,12,1,1000.0,84
ID00002_0,28,[],ID00002,1,CyberShake,Terminated,0,100000000000,1,403,1,0,0,25,31,6,41.0,1000.0,11,9.0,[],0,9,9,1000.0,57
ID00002_1,29,[],ID00002,1,CyberShake,Terminated,0,100000000000,1,47,1,0,0,37,40,3,41.0,1000.0,2,2.0,[],0,2,2,1000.0,77
ID00002_2,30,[],ID00002,1,CyberShake,Terminated,0,100000000000,1,215,1,0,0,35,38,3,41.0,1000.0,11,5.0,[],0,5,5,1000.0,70
ID00003_0,31,[],ID00003,1,CyberShake,Terminated,0,100000000000,1,349,1,0,0,0,9,9,32.0,1000.0,5,29.0,"['ID00001_0', 'ID00001_1', 'ID00001_2', 'ID00001_3', 'ID00001_4', 'ID00001_5', 'ID00001_6', 'ID00001_7', 'ID00001_8', 'ID00001_9', 'ID00001_10', 'ID00001_11', 'ID00001_12', 'ID00001_13', 'ID00004_0', 'ID00004_1']",0,8,8,979.0,6
ID00003_1,32,[],ID00003,1,CyberShake,Terminated,0,100000000000,1,247,1,0,0,0,7,7,34.0,1000.0,7,27.0,"['ID00001_0', 'ID00001_1', 'ID00001_2', 'ID00001_3', 'ID00001_4', 'ID00001_5', 'ID00001_6', 'ID00001_7', 'ID00001_8', 'ID00001_9', 'ID00001_10', 'ID00001_11', 'ID00001_12', 'ID00001_13', 'ID00004_0', 'ID00004_1']",0,6,6,979.0,8
ID00004_0,33,['ID00003'],ID00004,1,CyberShake,Terminated,0,100000000000,1,439,1,0,0,12,18,6,35.0,1000.0,11,21.0,"['ID00000_0', 'ID00000_1', 'ID00000_2', 'ID00000_3', 'ID00000_4', 'ID00000_5', 'ID00000_6', 'ID00000_7', 'ID00000_8', 'ID00000_9', 'ID00000_10', 'ID00000_11', 'ID00000_12', 'ID00000_13']",8,18,10,989.0,30
ID00004_1,34,['ID00003'],ID00004,1,CyberShake,Terminated,0,100000000000,1,323,1,0,0,14,23,9,32.0,1000.0,7,18.0,"['ID00000_0', 'ID00000_1', 'ID00000_2', 'ID00000_3', 'ID00000_4', 'ID00000_5', 'ID00000_6', 'ID00000_7', 'ID00000_8', 'ID00000_9', 'ID00000_10', 'ID00000_11', 'ID00000_12', 'ID00000_13']",8,15,7,989.0,33
ID00005_0,35,[],ID00005,1,CyberShake,Terminated,0,100000000000,1,339,1,0,0,6,11,5,36.0,1000.0,9,27.0,"['ID00001_0', 'ID00001_1', 'ID00001_2', 'ID00001_3', 'ID00001_4', 'ID00001_5', 'ID00001_6', 'ID00001_7', 'ID00001_8', 'ID00001_9', 'ID00001_10', 'ID00001_11', 'ID00001_12', 'ID00001_13', 'ID00006_0', 'ID00006_1']",0,8,8,981.0,15
ID00005_1,36,[],ID00005,1,CyberShake,Terminated,0,100000000000,1,97,1,0,0,4,9,5,36.0,1000.0,2,22.0,"['ID00001_0', 'ID00001_1', 'ID00001_2', 'ID00001_3', 'ID00001_4', 'ID00001_5', 'ID00001_6', 'ID00001_7', 'ID00001_8', 'ID00001_9', 'ID00001_10', 'ID00001_11', 'ID00001_12', 'ID00001_13', 'ID00006_0', 'ID00006_1']",0,3,3,981.0,14
ID00006_0,37,['ID00005'],ID00006,1,CyberShake,Terminated,0,100000000000,1,129,1,0,0,17,24,7,34.0,1000.0,2,14.0,"['ID00000_0', 'ID00000_1', 'ID00000_2', 'ID00000_3', 'ID00000_4', 'ID00000_5', 'ID00000_6', 'ID00000_7', 'ID00000_8', 'ID00000_9', 'ID00000_10', 'ID00000_11', 'ID00000_12', 'ID00000_13']",8,11,3,989.0,39
ID00006_1,38,['ID00005'],ID00006,1,CyberShake,Terminated,0,100000000000,1,362,1,0,0,17,22,5,36.0,1000.0,9,19.0,"['ID00000_0', 'ID00000_1', 'ID00000_2', 'ID00000_3', 'ID00000_4', 'ID00000_5', 'ID00000_6', 'ID00000_7', 'ID00000_8', 'ID00000_9', 'ID00000_10', 'ID00000_11', 'ID00000_12', 'ID00000_13']",8,16,8,989.0,36
ID00007_0,39,[],ID00007,1,CyberShake,Terminated,0,100000000000,1,267,1,0,0,7,11,4,37.0,1000.0,8,22.0,"['ID00001_0', 'ID00001_1', 'ID00001_2', 'ID00001_3', 'ID00001_4', 'ID00001_5', 'ID00001_6', 'ID00001_7', 'ID00001_8', 'ID00001_9', 'ID00001_10', 'ID00001_11', 'ID00001_12', 'ID00001_13', 'ID00008_0', 'ID00008_1']",0,6,6,984.0,19
ID00007_1,40,[],ID00007,1,CyberShake,Terminated,0,100000000000,1,266,1,0,0,7,14,7,34.0,1000.0,7,22.0,"['ID00001_0', 'ID00001_1', 'ID00001_2', 'ID00001_3', 'ID00001_4', 'ID00001_5', 'ID00001_6', 'ID00001_7', 'ID00001_8', 'ID00001_9', 'ID00001_10', 'ID00001_11', 'ID00001_12', 'ID00001_13', 'ID00008_0', 'ID00008_1']",0,6,6,984.0,20
ID00008_0,41,['ID00007'],ID00008,1,CyberShake,Terminated,0,100000000000,1,52,1,0,0,24,25,1,40.0,1000.0,11,13.0,"['ID00000_0', 'ID00000_1', 'ID00000_2', 'ID00000_3', 'ID00000_4', 'ID00000_5', 'ID00000_6', 'ID00000_7', 'ID00000_8', 'ID00000_9', 'ID00000_10', 'ID00000_11', 'ID00000_12', 'ID00000_13']",6,8,2,989.0,50
ID00008_1,42,['ID00007'],ID00008,1,CyberShake,Terminated,0,100000000000,1,207,1,0,0,22,25,3,38.0,1000.0,8,16.0,"['ID00000_0', 'ID00000_1', 'ID00000_2', 'ID00000_3', 'ID00000_4', 'ID00000_5', 'ID00000_6', 'ID00000_7', 'ID00000_8', 'ID00000_9', 'ID00000_10', 'ID00000_11', 'ID00000_12', 'ID00000_13']",6,11,5,989.0,42
ID00009_0,43,[],ID00009,1,CyberShake,Terminated,0,100000000000,1,152,1,0,0,9,17,8,33.0,1000.0,2,19.0,"['ID00001_0', 'ID00001_1', 'ID00001_2', 'ID00001_3', 'ID00001_4', 'ID00001_5', 'ID00001_6', 'ID00001_7', 'ID00001_8', 'ID00001_9', 'ID00001_10', 'ID00001_11', 'ID00001_12', 'ID00001_13', 'ID00010_0', 'ID00010_1']",0,4,4,985.0,22
ID00009_1,44,[],ID00009,1,CyberShake,Terminated,0,100000000000,1,270,1,0,0,10,17,7,34.0,1000.0,6,21.0,"['ID00001_0', 'ID00001_1', 'ID00001_2', 'ID00001_3', 'ID00001_4', 'ID00001_5', 'ID00001_6', 'ID00001_7', 'ID00001_8', 'ID00001_9', 'ID00001_10', 'ID00001_11', 'ID00001_12', 'ID00001_13', 'ID00010_0', 'ID00010_1']",0,6,6,985.0,25
ID00010_0,45,['ID00009'],ID00010,1,CyberShake,Terminated,0,100000000000,1,151,1,0,0,22,24,2,39.0,1000.0,10,15.0,"['ID00000_0', 'ID00000_1', 'ID00000_2', 'ID00000_3', 'ID00000_4', 'ID00000_5', 'ID00000_6', 'ID00000_7', 'ID00000_8', 'ID00000_9', 'ID00000_10', 'ID00000_11', 'ID00000_12', 'ID00000_13']",4,8,4,989.0,44
ID00010_1,46,['ID00009'],ID00010,1,CyberShake,Terminated,0,100000000000,1,18,1,0,0,23,24,1,40.0,1000.0,0,12.0,"['ID00000_0', 'ID00000_1', 'ID00000_2', 'ID00000_3', 'ID00000_4', 'ID00000_5', 'ID00000_6', 'ID00000_7', 'ID00000_8', 'ID00000_9', 'ID00000_10', 'ID00000_11', 'ID00000_12', 'ID00000_13']",4,5,1,989.0,49
ID00011_0,47,[],ID00011,1,CyberShake,Terminated,0,100000000000,1,215,1,0,0,9,20,11,30.0,1000.0,3,19.0,"['ID00001_0', 'ID00001_1', 'ID00001_2', 'ID00001_3', 'ID00001_4', 'ID00001_5', 'ID00001_6', 'ID00001_7', 'ID00001_8', 'ID00001_9', 'ID00001_10', 'ID00001_11', 'ID00001_12', 'ID00001_13', 'ID00012_0', 'ID00012_1']",0,5,5,986.0,23
ID00011_1,48,[],ID00011,1,CyberShake,Terminated,0,100000000000,1,132,1,0,0,16,23,7,34.0,1000.0,0,17.0,"['ID00001_0', 'ID00001_1', 'ID00001_2', 'ID00001_3', 'ID00001_4', 'ID00001_5', 'ID00001_6', 'ID00001_7', 'ID00001_8', 'ID00001_9', 'ID00001_10', 'ID00001_11', 'ID00001_12', 'ID00001_13', 'ID00012_0', 'ID00012_1']",0,3,3,986.0,34
ID00012_0,49,['ID00011'],ID00012,1,CyberShake,Terminated,0,100000000000,1,108,1,0,0,23,26,3,38.0,1000.0,5,14.0,"['ID00000_0', 'ID00000_1', 'ID00000_2', 'ID00000_3', 'ID00000_4', 'ID00000_5', 'ID00000_6', 'ID00000_7', 'ID00000_8', 'ID00000_9', 'ID00000_10', 'ID00000_11', 'ID00000_12', 'ID00000_13']",5,8,3,989.0,46
ID00012_1,50,['ID00011'],ID00012,1,CyberShake,Terminated,0,100000000000,1,114,1,0,0,23,26,3,38.0,1000.0,4,14.0,"['ID00000_0', 'ID00000_1', 'ID00000_2', 'ID00000_3', 'ID00000_4', 'ID00000_5', 'ID00000_6', 'ID00000_7', 'ID00000_8', 'ID00000_9', 'ID00000_10', 'ID00000_11', 'ID00000_12', 'ID00000_13']",5,8,3,989.0,47
ID00013_0,51,[],ID00013,1,CyberShake,Terminated,0,100000000000,1,258,1,0,0,25,38,13,41.0,1000.0,1,6.0,[],0,6,6,1000.0,59
ID00013_1,52,[],ID00013,1,CyberShake,Terminated,0,100000000000,1,298,1,0,0,26,34,8,41.0,1000.0,7,7.0,[],0,7,7,1000.0,64
ID00013_2,53,[],ID00013,1,CyberShake,Terminated,0,100000000000,1,383,1,0,0,25,30,5,41.0,1000.0,10,9.0,[],0,9,9,1000.0,58
ID00014_0,54,[],ID00014,1,CyberShake,Terminated,0,100000000000,1,435,1,0,0,0,6,6,35.0,1000.0,11,30.0,"['ID00001_0', 'ID00001_1', 'ID00001_2', 'ID00001_3', 'ID00001_4', 'ID00001_5', 'ID00001_6', 'ID00001_7', 'ID00001_8', 'ID00001_9', 'ID00001_10', 'ID00001_11', 'ID00001_12', 'ID00001_13', 'ID00015_0', 'ID00015_1']",0,10,10,980.0,4
ID00014_1,55,[],ID00014,1,CyberShake,Terminated,0,100000000000,1,246,1,0,0,6,10,4,37.0,1000.0,10,26.0,"['ID00001_0', 'ID00001_1', 'ID00001_2', 'ID00001_3', 'ID00001_4', 'ID00001_5', 'ID00001_6', 'ID00001_7', 'ID00001_8', 'ID00001_9', 'ID00001_10', 'ID00001_11', 'ID00001_12', 'ID00001_13', 'ID00015_0', 'ID00015_1']",0,6,6,980.0,16
ID00015_0,56,['ID00014'],ID00015,1,CyberShake,Terminated,0,100000000000,1,274,1,0,0,17,24,7,34.0,1000.0,6,17.0,"['ID00000_0', 'ID00000_1', 'ID00000_2', 'ID00000_3', 'ID00000_4', 'ID00000_5', 'ID00000_6', 'ID00000_7', 'ID00000_8', 'ID00000_9', 'ID00000_10', 'ID00000_11', 'ID00000_12', 'ID00000_13']",10,16,6,989.0,38
ID00015_1,57,['ID00014'],ID00015,1,CyberShake,Terminated,0,100000000000,1,411,1,0,0,12,23,11,30.0,1000.0,4,20.0,"['ID00000_0', 'ID00000_1', 'ID00000_2', 'ID00000_3', 'ID00000_4', 'ID00000_5', 'ID00000_6', 'ID00000_7', 'ID00000_8', 'ID00000_9', 'ID00000_10', 'ID00000_11', 'ID00000_12', 'ID00000_13']",10,19,9,989.0,31
ID00016_0,58,[],ID00016,1,CyberShake,Terminated,0,100000000000,1,421,1,0,0,0,6,6,35.0,1000.0,9,32.0,"['ID00001_0', 'ID00001_1', 'ID00001_2', 'ID00001_3', 'ID00001_4', 'ID00001_5', 'ID00001_6', 'ID00001_7', 'ID00001_8', 'ID00001_9', 'ID00001_10', 'ID00001_11', 'ID00001_12', 'ID00001_13', 'ID00017_0', 'ID00017_1']",0,10,10,978.0,2
ID00016_1,59,[],ID00016,1,CyberShake,Terminated,0,100000000000,1,481,1,0,0,0,7,7,34.0,1000.0,8,33.0,"['ID00001_0', 'ID00001_1', 'ID00001_2', 'ID00001_3', 'ID00001_4', 'ID00001_5', 'ID00001_6', 'ID00001_7', 'ID00001_8', 'ID00001_9', 'ID00001_10', 'ID00001_11', 'ID00001_12', 'ID00001_13', 'ID00017_0', 'ID00017_1']",0,11,11,978.0,1
ID00017_0,60,['ID00016'],ID00017,1,CyberShake,Terminated,0,100000000000,1,90,1,0,0,23,26,3,38.0,1000.0,7,13.0,"['ID00000_0', 'ID00000_1', 'ID00000_2', 'ID00000_3', 'ID00000_4', 'ID00000_5', 'ID00000_6', 'ID00000_7', 'ID00000_8', 'ID00000_9', 'ID00000_10', 'ID00000_11', 'ID00000_12', 'ID00000_13']",10,12,2,989.0,48
ID00017_1,61,['ID00016'],ID00017,1,CyberShake,Terminated,0,100000000000,1,472,1,0,0,11,17,6,35.0,1000.0,9,22.0,"['ID00000_0', 'ID00000_1', 'ID00000_2', 'ID00000_3', 'ID00000_4', 'ID00000_5', 'ID00000_6', 'ID00000_7', 'ID00000_8', 'ID00000_9', 'ID00000_10', 'ID00000_11', 'ID00000_12', 'ID00000_13']",10,21,11,989.0,27
ID00018_0,62,[],ID00018,1,CyberShake,Terminated,0,100000000000,1,448,1,0,0,0,6,6,35.0,1000.0,10,32.0,"['ID00001_0', 'ID00001_1', 'ID00001_2', 'ID00001_3', 'ID00001_4', 'ID00001_5', 'ID00001_6', 'ID00001_7', 'ID00001_8', 'ID00001_9', 'ID00001_10', 'ID00001_11', 'ID00001_12', 'ID00001_13', 'ID00019_0', 'ID00019_1']",0,10,10,978.0,3
ID00018_1,63,[],ID00018,1,CyberShake,Terminated,0,100000000000,1,114,1,0,0,0,6,6,35.0,1000.0,0,25.0,"['ID00001_0', 'ID00001_1', 'ID00001_2', 'ID00001_3', 'ID00001_4', 'ID00001_5', 'ID00001_6', 'ID00001_7', 'ID00001_8', 'ID00001_9', 'ID00001_10', 'ID00001_11', 'ID00001_12', 'ID00001_13', 'ID00019_0', 'ID00019_1']",0,3,3,978.0,9
ID00019_0,64,['ID00018'],ID00019,1,CyberShake,Terminated,0,100000000000,1,497,1,0,0,10,17,7,34.0,1000.0,10,22.0,"['ID00000_0', 'ID00000_1', 'ID00000_2', 'ID00000_3', 'ID00000_4', 'ID00000_5', 'ID00000_6', 'ID00000_7', 'ID00000_8', 'ID00000_9', 'ID00000_10', 'ID00000_11', 'ID00000_12', 'ID00000_13']",10,21,11,989.0,24
ID00019_1,65,['ID00018'],ID00019,1,CyberShake,Terminated,0,100000000000,1,62,1,0,0,24,25,1,40.0,1000.0,10,13.0,"['ID00000_0', 'ID00000_1', 'ID00000_2', 'ID00000_3', 'ID00000_4', 'ID00000_5', 'ID00000_6', 'ID00000_7', 'ID00000_8', 'ID00000_9', 'ID00000_10', 'ID00000_11', 'ID00000_12', 'ID00000_13']",10,12,2,989.0,51
ID00020_0,66,[],ID00020,1,CyberShake,Terminated,0,100000000000,1,114,1,0,0,3,9,6,35.0,1000.0,3,23.0,"['ID00001_0', 'ID00001_1', 'ID00001_2', 'ID00001_3', 'ID00001_4', 'ID00001_5', 'ID00001_6', 'ID00001_7', 'ID00001_8', 'ID00001_9', 'ID00001_10', 'ID00001_11', 'ID00001_12', 'ID00001_13', 'ID00021_0', 'ID00021_1']",0,3,3,980.0,13
ID00020_1,67,[],ID00020,1,CyberShake,Terminated,0,100000000000,1,185,1,0,0,0,10,10,31.0,1000.0,1,24.0,"['ID00001_0', 'ID00001_1', 'ID00001_2', 'ID00001_3', 'ID00001_4', 'ID00001_5', 'ID00001_6', 'ID00001_7', 'ID00001_8', 'ID00001_9', 'ID00001_10', 'ID00001_11', 'ID00001_12', 'ID00001_13', 'ID00021_0', 'ID00021_1']",0,4,4,980.0,10
ID00021_0,68,['ID00020'],ID00021,1,CyberShake,Terminated,0,100000000000,1,379,1,0,0,17,22,5,36.0,1000.0,8,20.0,"['ID00000_0', 'ID00000_1', 'ID00000_2', 'ID00000_3', 'ID00000_4', 'ID00000_5', 'ID00000_6', 'ID00000_7', 'ID00000_8', 'ID00000_9', 'ID00000_10', 'ID00000_11', 'ID00000_12', 'ID00000_13']",3,12,9,989.0,35
ID00021_1,69,['ID00020'],ID00021,1,CyberShake,Terminated,0,100000000000,1,291,1,0,0,10,25,15,26.0,1000.0,1,18.0,"['ID00000_0', 'ID00000_1', 'ID00000_2', 'ID00000_3', 'ID00000_4', 'ID00000_5', 'ID00000_6', 'ID00000_7', 'ID00000_8', 'ID00000_9', 'ID00000_10', 'ID00000_11', 'ID00000_12', 'ID00000_13']",3,10,7,989.0,26
ID00022_0,70,[],ID00022,1,CyberShake,Terminated,0,100000000000,1,475,1,0,0,0,12,12,29.0,1000.0,4,30.0,"['ID00001_0', 'ID00001_1', 'ID00001_2', 'ID00001_3', 'ID00001_4', 'ID00001_5', 'ID00001_6', 'ID00001_7', 'ID00001_8', 'ID00001_9', 'ID00001_10', 'ID00001_11', 'ID00001_12', 'ID00001_13', 'ID00023_0', 'ID00023_1']",0,11,11,981.0,5
ID00022_1,71,[],ID00022,1,CyberShake,Terminated,0,100000000000,1,139,1,0,0,9,13,4,37.0,1000.0,5,22.0,"['ID00001_0', 'ID00001_1', 'ID00001_2', 'ID00001_3', 'ID00001_4', 'ID00001_5', 'ID00001_6', 'ID00001_7', 'ID00001_8', 'ID00001_9', 'ID00001_10', 'ID00001_11', 'ID00001_12', 'ID00001_13', 'ID00023_0', 'ID00023_1']",0,3,3,981.0,21
ID00023_0,72,['ID00022'],ID00023,1,CyberShake,Terminated,0,100000000000,1,316,1,0,0,18,22,4,37.0,1000.0,11,18.0,"['ID00000_0', 'ID00000_1', 'ID00000_2', 'ID00000_3', 'ID00000_4', 'ID00000_5', 'ID00000_6', 'ID00000_7', 'ID00000_8', 'ID00000_9', 'ID00000_10', 'ID00000_11', 'ID00000_12', 'ID00000_13']",11,18,7,989.0,40
ID00023_1,73,['ID00022'],ID00023,1,CyberShake,Terminated,0,100000000000,1,356,1,0,0,17,22,5,36.0,1000.0,10,19.0,"['ID00000_0', 'ID00000_1', 'ID00000_2', 'ID00000_3', 'ID00000_4', 'ID00000_5', 'ID00000_6', 'ID00000_7', 'ID00000_8', 'ID00000_9', 'ID00000_10', 'ID00000_11', 'ID00000_12', 'ID00000_13']",11,19,8,989.0,37
ID00024_0,74,[],ID00024,1,CyberShake,Terminated,0,100000000000,1,404,1,0,0,6,12,6,35.0,1000.0,11,24.0,"['ID00001_0', 'ID00001_1', 'ID00001_2', 'ID00001_3', 'ID00001_4', 'ID00001_5', 'ID00001_6', 'ID00001_7', 'ID00001_8', 'ID00001_9', 'ID00001_10', 'ID00001_11', 'ID00001_12', 'ID00001_13', 'ID00025_0', 'ID00025_1']",0,9,9,985.0,17
ID00024_1,75,[],ID00024,1,CyberShake,Terminated,0,100000000000,1,90,1,0,0,11,16,5,36.0,1000.0,0,17.0,"['ID00001_0', 'ID00001_1', 'ID00001_2', 'ID00001_3', 'ID00001_4', 'ID00001_5', 'ID00001_6', 'ID00001_7', 'ID00001_8', 'ID00001_9', 'ID00001_10', 'ID00001_11', 'ID00001_12', 'ID00001_13', 'ID00025_0', 'ID00025_1']",0,2,2,985.0,29
ID00025_0,76,['ID00024'],ID00025,1,CyberShake,Terminated,0,100000000000,1,144,1,0,0,22,24,2,39.0,1000.0,11,15.0,"['ID00000_0', 'ID00000_1', 'ID00000_2', 'ID00000_3', 'ID00000_4', 'ID00000_5', 'ID00000_6', 'ID00000_7', 'ID00000_8', 'ID00000_9', 'ID00000_10', 'ID00000_11', 'ID00000_12', 'ID00000_13']",9,13,4,989.0,45
ID00025_1,77,['ID00024'],ID00025,1,CyberShake,Terminated,0,100000000000,1,43,1,0,0,24,26,2,39.0,1000.0,6,12.0,"['ID00000_0', 'ID00000_1', 'ID00000_2', 'ID00000_3', 'ID00000_4', 'ID00000_5', 'ID00000_6', 'ID00000_7', 'ID00000_8', 'ID00000_9', 'ID00000_10', 'ID00000_11', 'ID00000_12', 'ID00000_13']",9,10,1,989.0,52
ID00026_0,78,[],ID00026,1,CyberShake,Terminated,0,100000000000,1,55,1,0,0,0,3,3,38.0,1000.0,3,24.0,"['ID00001_0', 'ID00001_1', 'ID00001_2', 'ID00001_3', 'ID00001_4', 'ID00001_5', 'ID00001_6', 'ID00001_7', 'ID00001_8', 'ID00001_9', 'ID00001_10', 'ID00001_11', 'ID00001_12', 'ID00001_13', 'ID00027_0', 'ID00027_1']",0,2,2,978.0,11
ID00026_1,79,[],ID00026,1,CyberShake,Terminated,0,100000000000,1,77,1,0,0,0,4,4,37.0,1000.0,2,24.0,"['ID00001_0', 'ID00001_1', 'ID00001_2', 'ID00001_3', 'ID00001_4', 'ID00001_5', 'ID00001_6', 'ID00001_7', 'ID00001_8', 'ID00001_9', 'ID00001_10', 'ID00001_11', 'ID00001_12', 'ID00001_13', 'ID00027_0', 'ID00027_1']",0,2,2,978.0,12
ID00027_0,80,['ID00026'],ID00027,1,CyberShake,Terminated,0,100000000000,1,469,1,0,0,11,17,6,35.0,1000.0,8,22.0,"['ID00000_0', 'ID00000_1', 'ID00000_2', 'ID00000_3', 'ID00000_4', 'ID00000_5', 'ID00000_6', 'ID00000_7', 'ID00000_8', 'ID00000_9', 'ID00000_10', 'ID00000_11', 'ID00000_12', 'ID00000_13']",2,13,11,989.0,28
ID00027_1,81,['ID00026'],ID00027,1,CyberShake,Terminated,0,100000000000,1,75,1,0,0,20,24,4,37.0,1000.0,3,13.0,"['ID00000_0', 'ID00000_1', 'ID00000_2', 'ID00000_3', 'ID00000_4', 'ID00000_5', 'ID00000_6', 'ID00000_7', 'ID00000_8', 'ID00000_9', 'ID00000_10', 'ID00000_11', 'ID00000_12', 'ID00000_13']",2,4,2,989.0,41
ID00028_0,82,[],ID00028,1,CyberShake,Terminated,0,100000000000,1,383,1,0,0,0,10,10,31.0,1000.0,6,28.0,"['ID00001_0', 'ID00001_1', 'ID00001_2', 'ID00001_3', 'ID00001_4', 'ID00001_5', 'ID00001_6', 'ID00001_7', 'ID00001_8', 'ID00001_9', 'ID00001_10', 'ID00001_11', 'ID00001_12', 'ID00001_13', 'ID00029_0', 'ID00029_1']",0,9,9,981.0,7
ID00028_1,83,[],ID00028,1,CyberShake,Terminated,0,100000000000,1,95,1,0,0,6,11,5,36.0,1000.0,0,22.0,"['ID00001_0', 'ID00001_1', 'ID00001_2', 'ID00001_3', 'ID00001_4', 'ID00001_5', 'ID00001_6', 'ID00001_7', 'ID00001_8', 'ID00001_9', 'ID00001_10', 'ID00001_11', 'ID00001_12', 'ID00001_13', 'ID00029_0', 'ID00029_1']",0,3,3,981.0,18
ID00029_0,84,['ID00028'],ID00029,1,CyberShake,Terminated,0,100000000000,1,205,1,0,0,22,25,3,38.0,1000.0,9,16.0,"['ID00000_0', 'ID00000_1', 'ID00000_2', 'ID00000_3', 'ID00000_4', 'ID00000_5', 'ID00000_6', 'ID00000_7', 'ID00000_8', 'ID00000_9', 'ID00000_10', 'ID00000_11', 'ID00000_12', 'ID00000_13']",9,14,5,989.0,43
ID00029_1,85,['ID00028'],ID00029,1,CyberShake,Terminated,0,100000000000,1,331,1,0,0,13,22,9,32.0,1000.0,5,19.0,"['ID00000_0', 'ID00000_1', 'ID00000_2', 'ID00000_3', 'ID00000_4', 'ID00000_5', 'ID00000_6', 'ID00000_7', 'ID00000_8', 'ID00000_9', 'ID00000_10', 'ID00000_11', 'ID00000_12', 'ID00000_13']",9,17,8,989.0,32
